"","","","","","","",""
"","","","","","","",""
"","","","","","","",""
"","","","","","","",""
"","","","","","","",""
"","","","","","","",""
"","","","","","","",""
"","","","","","","",""
"","","","","","","",""
"","","","","","","",""
"","","","","","","",""
"","","","","","","",""
"","","","","","","",""
"","","","","","","",""
"","","","","","","",""
"","","","","","","",""
"","","","","","","",""
"","","","","","","",""
"","","","","","","",""
"","","","","","","",""
"","","","","","","",""
"","","","","","","",""
"","","","","","","",""
"","","","","","","",""
"","","","","","","",""
"","","","","","","",""
"","","","","","","",""
"","","","","","","",""
"","","","","","","",""
"","","","","","","",""
"","","","","","","",""
"","","","","","","",""
"","","","","","","",""
"","","","","","","",""
"","","","","","","",""
"","","","","","","",""
"","","","","","","",""
"","","","","","","",""
"","","","","","","",""
"","","","","","","",""
"","","","","","","",""
"","","","","","","",""
"","","","","","","",""
"","","","","","","",""
"","","","","","","",""
"","","","","","","",""
"","","","","","","",""
"","","","","","","",""
"","","","","","","",""
"","","","","","","",""
"","","","","","","",""
"","","","","","","",""
"","","","","","","",""
"","","","","","","",""
"","","","","","","",""
"","","","","","","",""
"","","","","","","",""
"","","","","","","",""
"","","","","","","",""
"","","","","","","",""
"","","","","","","",""
"","","","","","","",""
"","","","","","","",""
"","","","","","","",""
"","","","","","","",""
"","","","","","","",""
"","","","","","","",""
"","","","","","","",""
"","","","","","","",""
"","","","","","","",""
"","","","","","","",""
"","","","","","","",""
"","","","","","","",""
"","","","","","","",""
"","","","","","","",""
"","","","","","","",""
"","","","","","","",""
"","","","","","","",""
"","","","","","","",""
"","","","","","","",""
"","","","","","","",""
"","","","","","","",""
"","","","","","","",""
"","","","","","","",""
"","","","","","","",""
"","","","","","","",""
"","","","","","","",""
"","","","","","","",""
"","","","","","","",""
"","","","","","","",""
"","","","","","","",""
"","","","","","","",""
"","","","","","","",""
"","","","","","","",""
"","","","","","","",""
"","","","","","","",""
"","","","","","","",""
"","","","","","","",""
"","","","","","","",""
"","","","","","","",""
"","","","","","","",""
"","","","","","","",""
"","","","","","","",""
"","","","","","","",""
"","","","","","","",""
"","","","","","","",""
"","","","","","","",""
"","","","","","","",""
"","","","","","","",""
"","","","","","","",""
"","","","","","","",""
"","","","","","","",""
"","","","","","","",""
"","","","","","","",""
"","","","","","","",""
"","","","","","","",""
"","","","","","","",""
"","","","","","","",""
"","","","","","","",""
"","","","","","","",""
"","","","","","","",""
"","","","","","","",""
"","","","","","","",""
"","","","","","","",""
"","","","","","","",""
"","","","","","","",""
"","","","","","","",""
"","","","","","","",""
"","","","","","This transformation is passthrough. ","",""
"","","","","","","",""
"","","","","","","",""
"","","","","","","",""
"","","","","","","",""
"","","","","","","",""
"","","","","","","",""
"","","","","","","",""
"","","","","","","",""
"","","","","","","",""
"","","","","","","",""
"","","","","","","",""
"","","","","","","",""
"","","","","","","",""
"","","","","","","",""
"","","","","","","",""
"","","","","","","",""
"","","","","","","",""
"","","","","","","",""
"","","","","","","",""
"","","","","","","",""
"","","","","","","",""
"","","","","","","",""
"","","","","","","",""
"","","","","","","",""
"","","","","","","",""
"","","","","","","",""
"","","","","","","",""
"","","","","","","",""
"","","","","","","",""
"","","","","","","",""
"","","","","","","",""
"","","","","","","",""
"","","","","","","",""
"","","","","","","",""
"","","","","","","",""
"","","","","","","",""
"","","","","","","",""
"","","","","","","",""
"","","","","","","",""
"","","","","","","",""
"","","","","","","",""
"","","","","","","",""
"","","","","","","",""
"","","","","","","",""
"","","","","","","",""
"","","","","","","",""
"","","","","","","",""
"","","","","","","",""
"","","","","","","",""
"","","","","","","",""
"","","","","","","",""
"","","","","","","",""
"","","","","","","",""
"","","","","","","",""
"","","","","","","",""
"","","","","","","",""
"","","","","","","",""
"","","","","","","",""
"","","","","","","",""
"","","","","","","",""
"","","","","","","",""
"","","","","","","",""
"","","","","","","",""
"","","","","","","",""
"","","","","","","",""
"","","","","","","",""
"","","","","","","",""
"","","","","","","",""
"","","","","","","",""
"","","","","","","",""
"","","","","","","",""
"","","","","","","",""
"","","","","","","",""
"","","","","","","",""
"","","","","","","",""
"","","","","","","",""
"","","","","","","",""
"","","","","","","",""
"","","","","","","",""
"","","","","","","",""
"","","","","","","",""
"","","","","","","",""
"","","","","","","",""
"","","","","","","",""
"","","","","","","",""
"","","","","","","",""
"","","","","","","",""
"","","","","","","",""
"","","","","","","",""
"","","","","","","",""
"","","","","","","",""
"","","","","","","",""
"","","","","","","",""
"","","","","","","",""
"","","","","","","",""
"","","","","","","",""
"","","","","","","",""
"","","","","","","",""
"","","","","","","",""
"","","","","","","",""
"","","","","","","",""
"","","","","","","",""
"","","","","","","",""
"","","","","","","",""
"","","","","","","",""
"","","","","","","",""
"","","","","","","",""
"","","","","","","",""
"","","","","","","",""
"","","","","","","",""
"","","","","","","",""
"","","","","","","",""
"","","","","","","",""
"","","","","","","",""
"","","","","","","",""
"","","","","","","",""
"","","","","","","",""
"","","","","","","",""
"","","","","","","",""
"","","","","","","",""
"","","","","","","",""
"","","","","","","",""
"","","","","","","",""
"","","","","","","",""
"","","","","","","",""
"","","","","","","",""
"","","","","","","",""
"","","","","","","",""
"","","","","","","",""
"","","","","","","",""
"","","","","","","",""
"","","","","","","",""
"","","","","","","",""
"","","","","","","",""
"","","","","","","",""
"","","","","","","",""
"","","","","","","",""
"","","","","","","",""
"","","","","","","",""
"","","","","","","",""
"","","","","","","",""
"","","","","","","",""
"","","","","","","",""
"","","","","","","",""
"","","","","","","",""
"","","","","","","",""
"","","","","","","",""
"","","","","","","",""
"","","","","","","",""
"","","","","","","",""
"","","","","","","",""
"","","","","","","",""
"","","","","","","",""
"","","","","","","",""
"","","","","","","",""
"","","","","","","",""
"","","","","","","",""
"","","","","","","",""
"","","","","","","",""
"","","","","","","",""
"","","","","","","",""
"","","","","","","",""
"","","","","","","",""
"","","","","","","",""
"","","","","","","",""
"","","","","","","",""
"","","","","","","",""
"","","","","","","",""
"","","","","","","",""
"","","","","","","",""
"","","","","","","",""
"","","","","","","",""
"","","","","","","",""
"","","","","","","",""
"","","","","","","",""
"","","","","","","",""
"","","","","","","",""
"","","","","","","",""
"","","","","","","",""
"","","","","","","",""
"","","","","","","",""
"","","","","","","",""
"","","","","","","",""
"","","","","","","",""
"","","","","","","",""
"","","","","","","",""
"","","","","","","",""
"","","","","","","",""
"","","","","","","",""
"","","","","","","",""
"","","","","","","",""
"","","","","","","",""
"","","","","","","",""
"","","","","","","",""
"","","","","","","",""
"","","","","","","",""
"","","","","","","",""
"","","","","","","",""
"","","","","","","",""
"","","","","","","",""
"","","","","","","",""
"","","","","","","",""
"","","","","","try{
File f=new File(OPAS_XML);
long l=f.length();
if(l==9){
       Filter=""0"";    
        }
else    {
       Filter=""1"";
        }

}catch(Exception e){
logInfo(""""+e.getMessage());
}
","",""
"","","","","","","",""
"","","","","","","",""
"","","","","","","",""
"","","","","","","",""
"","","","","","","",""
"","","","","","","",""
"","","","","","","",""
"","","","","","","",""
"","","","","","","",""
"","","","","","","",""
"","","","","","","",""
"","","","","","","",""
"","","","","","","",""
"","","","","","","",""
"","","","","","","",""
"","","","","","","",""
"","","","","","","",""
"","","","","","","",""
"","","","","","","",""
"","","","","","","",""
"","","","","","","",""
"","","","","","","",""
"","","","","","","",""
"","","","","","","",""
"","","","","","","",""
"","","","","","","",""
"","","","","","","",""
"","","","","","","",""
"","","","","","","",""
"","","","","","","",""
"","","","","","","",""
"","","","","","","",""
"","","","","","","",""
"","","","","","","",""
"","","","","","","",""
"","","","","","","",""
"","","","","","","",""
"","","","","","","",""
"","","","","","","",""
"","","","","","","",""
"","","","","","","",""
"","","","","","","",""
"","","","","","","",""
"","","","","","","",""
"","","","","","","",""
"","","","","","","",""
"","","","","","","",""
"","","","","","","",""
"","","","","","","",""
"","","","","","","",""
"","","","","","","",""
"","","","","","","",""
"","","","","","","",""
"","","","","","","",""
"","","","","","","",""
"","","","","","","",""
"","","","","","","",""
"","","","","","","",""
"","","","","","","",""
"","","","","","","",""
"","","","","","","",""
"","","","","","","",""
"","","","","","","",""
"","","","","","","",""
"","","","","","","",""
"","","","","","","",""
"","","","","","","",""
"","","","","","","",""
"","","","","","","",""
"","","","","","","",""
"","","","","","","",""
"","","","","","","",""
"","","","","","","",""
"","","","","","","",""
"","","","","","","",""
"","","","","","","",""
"","","","","","","",""
"","","","","","","",""
"","","","","","","",""
"","","","","","","",""
"","","","","","","",""
"","","","","","","",""
"","","","","","","",""
"","","","","","","",""
"","","","","","","",""
"","","","","","","",""
"","","","","","","",""
"","","","","","","",""
"","","","","","","",""
"","","","","","","",""
"","","","","","","",""
"","","","","","","",""
"","","","","","","",""
"","","","","","","",""
"","","","","","","",""
"","","","","","","",""
"","","","","","","",""
"","","","","","","",""
"","","","","","","",""
"","","","","","","",""
"","","","","","","",""
"","","","","","","",""
"","","","","","","",""
"","","","","","","",""
"","","","","","","",""
"","","","","","","",""
"","","","","","","",""
"","","","","","","",""
"","","","","","","",""
"","","","","","","",""
"","","","","","","",""
"","","","","","","",""
"","","","","","","",""
"","","","","","","",""
"","","","","","","",""
"","","","","","","",""
"","","","","","","",""
"","","","","","","",""
"","","","","","","",""
"","","","","","","",""
"","","","","","","",""
"","","","","","","",""
"","","","","","","",""
"","","","","","","",""
"","","","","","","",""
"","","","","","","",""
"","","","","","","",""
"","","","","","","",""
"","","","","","","",""
"","","","","","","",""
"","","","","","","",""
"","","","","","","",""
"","","","","","","",""
"","","","","","","",""
"","","","","","","",""
"","","","","","","",""
"","","","","","","",""
"","","","","","","",""
"","","","","","","",""
"","","","","","","",""
"","","","","","","",""
"","","","","","","",""
"","","","","","","",""
"","","","","","","",""
"","","","","","","",""
"","","","","","","",""
"","","","","","","",""
"","","","","","","",""
"","","","","","","",""
"","","","","","","",""
"","","","","","","",""
"","","","","","","",""
"","","","","","","",""
"","","","","","","",""
"","","","","","","",""
"","","","","","","",""
"","","","","","","",""
"","","","","","","",""
"","","","","","","",""
"","","","","","","",""
"","","","","","","",""
"","","","","","","",""
"","","","","","","",""
"","","","","","","",""
"","","","","","","",""
"","","","","","","",""
"","","","","","","",""
"","","","","","","",""
"","","","","","","",""
"","","","","","","",""
"","","","","","","",""
"","","","","","","",""
"","","","","","","",""
"","","","","","","",""
"","","","","","","",""
"","","","","","","",""
"","","","","","","",""
"","","","","","","",""
"","","","","","","",""
"","","","","","","",""
"","","","","","","",""
"","","","","","","",""
"","","","","","","",""
"","","","","","","",""
"","","","","","","",""
"","","","","","","",""
"","","","","","","",""
"","","","","","","",""
"","","","","","","",""
"","","","","","","",""
"","","","","","","",""
"","","","","","","",""
"","","","","","","",""
"","","","","","","",""
"","","","","","","",""
"","","","","","","",""
"","","","","","","",""
"","","","","","","",""
"","","","","","","",""
"","","","","","","",""
"","","","","","","",""
"","","","","","","",""
"","","","","","","",""
"","","","","","","",""
"","","","","","","",""
"","","","","","","",""
"","","","","","","",""
"","","","","","","",""
"","","","","","","",""
"","","","","","","",""
"","","","","","","",""
"","","","","","","",""
"","","","","","","",""
"","","","","","","",""
"","","","","","","",""
"","","","","","","",""
"","","","","","","",""
"","","","","","","",""
"","","","","","","",""
"","","","","","","",""
"","","","","","","",""
"","","","","","","",""
"","","","","","","",""
"","","","","","","",""
"","","","","","","",""
"","","","","","","",""
"","","","","","","",""
"","","","","","","",""
"","","","","","","",""
"","","","","","","",""
"","","","","","","",""
"","","","","","","",""
"","","","","","","",""
"","","","","","","",""
"","","","","","","",""
"","","","","","","",""
"","","","","","","",""
"","","","","","","",""
"","","","","","","",""
"","","","","","","",""
"","","","","","","",""
"","","","","","","",""
"","","","","","","",""
"","","","","","","",""
"","","","","","","",""
"","","","","","","",""
"","","","","","","",""
"","","","","","","",""
"","","","","","","",""
"","","","","","","",""
"","","","","","","",""
"","","","","","","",""
"","","","","","","",""
"","","","","","","",""
"","","","","","","",""
"","","","","","","",""
"","","","","","","",""
"","","","","","","",""
"","","","","","","",""
"","","","","","","",""
"","","","","","","",""
"","","","","","","",""
"","","","","","","",""
"","","","","","","",""
"","","","","","","",""
"","","","","","","",""
"","","","","","","",""
"","","","","","","",""
"","","","","","","",""
"","","","","","","",""
"","","","","","","",""
"","","","","","","",""
"","","","","","","",""
"","","","","","","",""
"","","","","","","",""
"","","","","","","",""
"","","","","","","",""
"","","","","","","",""
"","","","","","","",""
"","","","","","","",""
"","","","","","","",""
"","","","","","","",""
"","","","","","","",""
"","","","","","","",""
"","","","","","","",""
"","","","","","","",""
"","","","","","","",""
"","","","","","","",""
"","","","","","","",""
"","","","","","","",""
"","","","","","","",""
"","","","","","","",""
"","","","","","","",""
"","","","","","","",""
"","","","","","","",""
"","","","","","","",""
"","","","","","","",""
"","","","","","","",""
"","","","","","","",""
"","","","","","","",""
"","","","","","","",""
"","","","","","","",""
"","","","","","","",""
"","","","","","","",""
"","","","","","","",""
"","","","","","","",""
"","","","","","","",""
"","","","","","","",""
"","","","","","","",""
"","","","","","","",""
"","","","","","","",""
"","","","","","","",""
"","","","","","","",""
"","","","","","","",""
"","","","","","","",""
"","","","","","","",""
"","","","","","","",""
"","","","","","","",""
"","","","","","","",""
"","","","","","","",""
"","","","","","","",""
"","","","","","","",""
"","","","","","","",""
"","","","","","","",""
"","","","","","","",""
"","","","","","","",""
"","","","","","","",""
"","","","","","","",""
"","","","","","","",""
"","","","","","","",""
"","","","","","","",""
"","","","","","","",""
"","","","","","","",""
"","","","","","","",""
"","","","","","","",""
"","","","","","","",""
"","","","","","","",""
"","","","","","","",""
"","","","","","","",""
"","","","","","","",""
"","","","","","","",""
"","","","","","","",""
"","","","","","","",""
"","","","","","","",""
"","","","","","","",""
"","","","","","","",""
"","","","","","","",""
"","","","","","","",""
"","","","","","","",""
"","","","","","","",""
"","","","","","","",""
"","","","","","","",""
"","","","","","","",""
"","","","","","","",""
"","","","","","","",""
"","","","","","","",""
"","","","","","","",""
"","","","","","","",""
"","","","","","","",""
"","","","","","","",""
"","","","","","","",""
"","","","","","","",""
"","","","","","","",""
"","","","","","","",""
"","","","","","","",""
"","","","","","","",""
"","","","","","","",""
"","","","","","","",""
"","","","","","","",""
"","","","","","","",""
"","","","","","","",""
"","","","","","","",""
"","","","","","","",""
"","","","","","","",""
"","","","","","","",""
"","","","","","","",""
"","","","","","","",""
"","","","","","","",""
"","","","","","","",""
"","","","","","","",""
"","","","","","","",""
"","","","","","","",""
"","","","","","","",""
"","","","","","","",""
"","","","","","","",""
"","","","","","","",""
"","","","","","","",""
"","","","","","","",""
"","","","","","","",""
"","","","","","","",""
"","","","","","","",""
"","","","","","","",""
"","","","","","","",""
"","","","","","","",""
"","","","","","","",""
"","","","","","","",""
"","","","","","","",""
"","","","","","","",""
"","","","","","","",""
"","","","","","","",""
"","","","","","","",""
"","","","","","","",""
"","","","","","","",""
"","","","","","","",""
"","","","","","","",""
"","","","","","","",""
"","","","","","","",""
"","","","","","","",""
"","","","","","","",""
"","","","","","","",""
"","","","","","","",""
"","","","","","","",""
"","","","","","","",""
"","","","","","","",""
"","","","","","","",""
"","","","","","","",""
"","","","","","","",""
"","","","","","","",""
"","","","","","","",""
"","","","","","","",""
"","","","","","","",""
"","","","","","","",""
"","","","","","","",""
"","","","","","","",""
"","","","","","","",""
"","","","","","","",""
"","","","","","","",""
"","","","","","","",""
"","","","","","","",""
"","","","","","","",""
"","","","","","","",""
"","","","","","","",""
"","","","","","","",""
"","","","","","","",""
"","","","","","","",""
"","","","","","","",""
"","","","","","","",""
"","","","","","","",""
"","","","","","","",""
"","","","","","","",""
"","","","","","","",""
"","","","","","","",""
"","","","","","","",""
"","","","","","","",""
"","","","","","","",""
"","","","","","","",""
"","","","","","","",""
"","","","","","","",""
"","","","","","","",""
"","","","","","","",""
"","","","","","","",""
"","","","","","","",""
"","","","","","","",""
"","","","","","","",""
"","","","","","","",""
"","","","","","","",""
"","","","","","","",""
"","","","","","","",""
"","","","","","","",""
"","","","","","","",""
"","","","","","","",""
"","","","","","","",""
"","","","","","","",""
"","","","","","","",""
"","","","","","","",""
"","","","","","","",""
"","","","","","","",""
"","","","","","","",""
"","","","","","","",""
"","","","","","","",""
"","","","","","","",""
"","","","","","","",""
"","","","","","","",""
"","","","","","","",""
"","","","","","","",""
"","","","","","","",""
"","","","","","","",""
"","","","","","","",""
"","","","","","","",""
"","","","","","","",""
"","","","","","","",""
"","","","","","","",""
"","","","","","","",""
"","","","","","","",""
"","","","","","","",""
"","","","","","","",""
"","","","","","","",""
"","","","","","","",""
"","","","","","","",""
"","","","","","","",""
"","","","","","","",""
"","","","","","","",""
"","","","","","","",""
"","","","","","","",""
"","","","","","","",""
"","","","","","","",""
"","","","","","","",""
"","","","","","","",""
"","","","","","","",""
"","","","","","","",""
"","","","","","","",""
"","","","","","","",""
"","","","","","","",""
"","","","","","","",""
"","","","","","","",""
"","","","","","","",""
"","","","","","","",""
"","","","","","","",""
"","","","","","","",""
"","","","","","","",""
"","","","","","","",""
"","","","","","","",""
"","","","","","","",""
"","","","","","","",""
"","","","","","","",""
"","","","","","","",""
"","","","","","","",""
"","","","","","","",""
"","","","","","","",""
"","","","","","","",""
"","","","","","","",""
"","","","","","","",""
"","","","","","","",""
"","","","","","","",""
"","","","","","","",""
"","","","","","","",""
"","","","","","","",""
"","","","","","","",""
"","","","","","","",""
"","","","","","","",""
"","","","","","","",""
"","","","","","","",""
"","","","","","","",""
"","","","","","","",""
"","","","","","","",""
"","","","","","","",""
"","","","","","","",""
"","","","","","","",""
"","","","","","","",""
"","","","","","","",""
"","","","","","","",""
"","","","","","","",""
"","","","","","","",""
"","","","","","","",""
"","","","","","","",""
"","","","","","","",""
"","","","","","","",""
"","","","","","","",""
"","","","","","","",""
"","","","","","","",""
"","","","","","","",""
"","","","","","","",""
"","","","","","","",""
"","","","","","","",""
"","","","","","","",""
"","","","","","","",""
"","","","","","","",""
"","","","","","","",""
"","","","","","","",""
"","","","","","","",""
"","","","","","","",""
"","","","","","","",""
"","","","","","","",""
"","","","","","","",""
"","","","","","","",""
"","","","","","","",""
"","","","","","","",""
"","","","","","","",""
"","","","","","","",""
"","","","","","","",""
"","","","","","","",""
"","","","","","","",""
"","","","","","","",""
"","","","","","","",""
"","","","","","","",""
"","","","","","","",""
"","","","","","","",""
"","","","","","","",""
"","","","","","","",""
"","","","","","","",""
"","","","","","","",""
"","","","","","","",""
"","","","","","","",""
"","","","","","","",""
"","","","","","","",""
"","","","","","","",""
"","","","","","","",""
"","","","","","","",""
"","","","","","","",""
"","","","","","","",""
"","","","","","","",""
"","","","","","","",""
"","","","","","","",""
"","","","","","","",""
"","","","","","","",""
"","","","","","","",""
"","","","","","","",""
"","","","","","","",""
"","","","","","","",""
"","","","","","","",""
"","","","","","","",""
"","","","","","","",""
"","","","","","","",""
"","","","","","","",""
"","","","","","","",""
"","","","","","","",""
"","","","","","","",""
"","","","","","","",""
"","","","","","","",""
"","","","","","","",""
"","","","","","","",""
"","","","","","","",""
"","","","","","","",""
"","","","","","","",""
"","","","","","","",""
"","","","","","","",""
"","","","","","","",""
"","","","","","","",""
"","","","","","","",""
"","","","","","","",""
"","","","","","","",""
"","","","","","","",""
"","","","","","","",""
"","","","","","","",""
"","","","","","","",""
"","","","","","","",""
"","","","","","","",""
"","","","","","","",""
"","","","","","","",""
"","","","","","","",""
"","","","","","","",""
"","","","","","","",""
"","","","","","","",""
"","","","","","","",""
"","","","","","","",""
"","","","","","","",""
"","","","","","","",""
"","","","","","","",""
"","","","","","","",""
"","","","","","","",""
"","","","","","","",""
"","","","","","","",""
"","","","","","","",""
"","","","","","","",""
"","","","","","","",""
"","","","","","","",""
"","","","","","","",""
"","","","","","","",""
"","","","","","","",""
"","","","","","","",""
"","","","","","","",""
"","","","","","","",""
"","","","","","","",""
"","","","","","","",""
"","","","","","","",""
"","","","","","","",""
"","","","","","","",""
"","","","","","","",""
"","","","","","","",""
"","","","","","","",""
"","","","","","","",""
"","","","","","","",""
"","","","","","","",""
"","","","","","","",""
"","","","","","","",""
"","","","","","","",""
"","","","","","","",""
"","","","","","","",""
"","","","","","","",""
"","","","","","","",""
"","","","","","","",""
"","","","","","","",""
"","","","","","","",""
"","","","","","","",""
"","","","","","","",""
"","","","","","","",""
"","","","","","","",""
"","","","","","","",""
"","","","","","","",""
"","","","","","","",""
"","","","","","","",""
"","","","","","","",""
"","","","","","","",""
"","","","","","","",""
"","","","","","","",""
"","","","","","","",""
"","","","","","","",""
"","","","","","","",""
"","","","","","","",""
"","","","","","","",""
"","","","","","","",""
"","","","","","","",""
"","","","","","","",""
"","","","","","","",""
"","","","","","","",""
"","","","","","","",""
"","","","","","","",""
"","","","","","","",""
"","","","","","","",""
"","","","","","","",""
"","","","","","","",""
"","","","","","","",""
"","","","","","","",""
"","","","","","","",""
"","","","","","","",""
"","","","","","","",""
"","","","","","","",""
"","","","","","","",""
"","","","","","","",""
"","","","","","","",""
"","","","","","","",""
"","","","","","","",""
"","","","","","","",""
"","","","","","","",""
"","","","","","","",""
"","","","","","","",""
"","","","","","","",""
"","","","","","","",""
"","","","","","","",""
"","","","","","","",""
"","","","","","","",""
"","","","","","","",""
"","","","","","","",""
"","","","","","","",""
"","","","","","","",""
"","","","","","","",""
"","","","","","","",""
"","","","","","","",""
"","","","","","","",""
"","","","","","","",""
"","","","","","","",""
"","","","","","","",""
"","","","","","","",""
"","","","","","","",""
"","","","","","","",""
"","","","","","","",""
"","","","","","","",""
"","","","","","","",""
"","","","","","","",""
"","","","","","","",""
"","","","","","","",""
"","","","","","","",""
"","","","","","","",""
"","","","","","","",""
"","","","","","","",""
"","","","","","","",""
"","","","","","","",""
"","","","","","","",""
"","","","","","","",""
"","","","","","","",""
"","","","","","","",""
"","","","","","","",""
"","","","","","","",""
"","","","","","","",""
"","","","","","","",""
"","","","","","","",""
"","","","","","","",""
"","","","","","","",""
"","","","","","","",""
"","","","","","","",""
"","","","","","","",""
"","","","","","","",""
"","","","","","","",""
"","","","","","","",""
"","","","","","","",""
"","","","","","","",""
"","","","","","","",""
"","","","","","","",""
"","","","","","","",""
"","","","","","","",""
"","","","","","","",""
"","","","","","","",""
"","","","","","","",""
"","","","","","","",""
"","","","","","","",""
"","","","","","","",""
"","","","","","","",""
"","","","","","","",""
"","","","","","","",""
"","","","","","","",""
"","","","","","","",""
"","","","","","","",""
"","","","","","","",""
"","","","","","","",""
"","","","","","","",""
"","","","","","","",""
"","","","","","","",""
"","","","","","","",""
"","","","","","","",""
"","","","","","","",""
"","","","","","","",""
"","","","","","","",""
"","","","","","","",""
"","","","","","","",""
"","","","","","","",""
"","","","","","","",""
"","","","","","","",""
"","","","","","","",""
"","","","","","","",""
"","","","","","","",""
"","","","","","","",""
"","","","","","","",""
"","","","","","","",""
"","","","","","","",""
"","","","","","","",""
"","","","","","","",""
"","","","","","","",""
"","","","","","","",""
"","","","","","","",""
"","","","","","","",""
"","","","","","","",""
"","","","","","","",""
"","","","","","","",""
"","","","","","","",""
"","","","","","","",""
"","","","","","","",""
"","","","","","","",""
"","","","","","","",""
"","","","","","","",""
"","","","","","","",""
"","","","","","","",""
"","","","","","","",""
"","","","","","","",""
"","","","","","","",""
"","","","","","","",""
"","","","","","","",""
"","","","","","","",""
"","","","","","","",""
"","","","","","","",""
"","","","","","","",""
"","","","","","","",""
"","","","","","","",""
"","","","","","","",""
"","","","","","","",""
"","","","","","","",""
"","","","","","","",""
"","","","","","","",""
"","","","","","","",""
"","","","","","","",""
"","","","","","","",""
"","","","","","","",""
"","","","","","","",""
"","","","","","","",""
"","","","","","","",""
"","","","","","","",""
"","","","","","","",""
"","","","","","","",""
"","","","","","","",""
"","","","","","","",""
"","","","","","","",""
"","","","","","","",""
"","","","","","","",""
"","","","","","","",""
"","","","","","","",""
"","","","","","","",""
"","","","","","","",""
"","","","","","","",""
"","","","","","","",""
"","","","","","","",""
"","","","","","","",""
"","","","","","","",""
"","","","","","","",""
"","","","","","","",""
"","","","","","","",""
"","","","","","","",""
"","","","","","","",""
"","","","","","","",""
"","","","","","","",""
"","","","","","","",""
"","","","","","","",""
"","","","","","","",""
"","","","","","","",""
"","","","","","","",""
"","","","","","","",""
"","","","","","","",""
"","","","","","","",""
"","","","","","","",""
"","","","","","","",""
"","","","","","","",""
"","","","","","","",""
"","","","","","","",""
"","","","","","","",""
"","","","","","","",""
"","","","","","","",""
"","","","","","","",""
"","","","","","","",""
"","","","","","","",""
"","","","","","","",""
"","","","","","","",""
"","","","","","","",""
"","","","","","","",""
"","","","","","","",""
"","","","","","","",""
"","","","","","","",""
"","","","","","","",""
"","","","","","","",""
"","","","","","","",""
"","","","","","","",""
"","","","","","","",""
"","","","","","","",""
"","","","","","","",""
"","","","","","","",""
"","","","","","","",""
"","","","","","","",""
"","","","","","","",""
"","","","","","","",""
"","","","","","","",""
"","","","","","","",""
"","","","","","","",""
"","","","","","","",""
"","","","","","","",""
"","","","","","","",""
"","","","","","","",""
"","","","","","","",""
"","","","","","","",""
"","","","","","","",""
"","","","","","","",""
"","","","","","","",""
"","","","","","","",""
"","","","","","","",""
"","","","","","","",""
"","","","","","","",""
"","","","","","","",""
"","","","","","","",""
"","","","","","","",""
"","","","","","","",""
"","","","","","","",""
"","","","","","","",""
"","","","","","","",""
"","","","","","","",""
"","","","","","","",""
"","","","","","","",""
"","","","","","","",""
"","","","","","","",""
"","","","","","","",""
"","","","","","","",""
"","","","","","","",""
"","","","","","","",""
"","","","","","","",""
"","","","","","","",""
"","","","","","","",""
"","","","","","","",""
"","","","","","","",""
"","","","","","","",""
"","","","","","","",""
"","","","","","","",""
"","","","","","","",""
"","","","","","","",""
"","","","","","","",""
"","","","","","","",""
"","","","","","","",""
"","","","","","","",""
"","","","","","","",""
"","","","","","","",""
"","","","","","","",""
"","","","","","","",""
"","","","","","","",""
"","","","","","","",""
"","","","","","","",""
"","","","","","","",""
"","","","","","","",""
"","","","","","","",""
"","","","","","","",""
"","","","","","","",""
"","","","","","","",""
"","","","","","","",""
"","","","","","","",""
"","","","","","","",""
"","","","","","","",""
"","","","","","","",""
"","","","","","","",""
"","","","","","","",""
"","","","","","","",""
"","","","","","","",""
"","","","","","","",""
"","","","","","","",""
"","","","","","","",""
"","","","","","","",""
"","","","","","","",""
"","","","","","","",""
"","","","","","","",""
"","","","","","","",""
"","","","","","","",""
"","","","","","","",""
"","","","","","","",""
"","","","","","","",""
"","","","","","","",""
"","","","","","","",""
"","","","","","","",""
"","","","","","","",""
"","","","","","","",""
"","","","","","","",""
"","","","","","","",""
"","","","","","","",""
"","","","","","","",""
"","","","","","","",""
"","","","","","","",""
"","","","","","","",""
"","","","","","","",""
"","","","","","","",""
"","","","","","","",""
"","","","","","","",""
"","","","","","","",""
"","","","","","","",""
"","","","","","","",""
"","","","","","","",""
"","","","","","","",""
"","","","","","","",""
"","","","","","","",""
"","","","","","","",""
"","","","","","","",""
"","","","","","","",""
"","","","","","","",""
"","","","","","","",""
"","","","","","","",""
"","","","","","","",""
"","","","","","","",""
"","","","","","","",""
"","","","","","","",""
"","","","","","","",""
"","","","","","","",""
"","","","","","","",""
"","","","","","","",""
"","","","","","","",""
"","","","","","","",""
"","","","","","","",""
"","","","","","","",""
"","","","","","","",""
"","","","","","","",""
"","","","","","","",""
"","","","","","","",""
"","","","","","","",""
"","","","","","","",""
"","","","","","","",""
"","","","","","","",""
"","","","","","","",""
"","","","","","","",""
"","","","","","","",""
"","","","","","","",""
"","","","","","","",""
"","","","","","","",""
"","","","","","","",""
"","","","","","","",""
"","","","","","","",""
"","","","","","","",""
"","","","","","","",""
"","","","","","","",""
"","","","","","","",""
"","","","","","","",""
"","","","","","","",""
"","","","","","","",""
"","","","","","","",""
"","","","","","","",""
"","","","","","","",""
"","","","","","","",""
"","","","","","","",""
"","","","","","","",""
"","","","","","","",""
"","","","","","","",""
"","","","","","","",""
"","","","","","","",""
"","","","","","","",""
"","","","","","","",""
"","","","","","","",""
"","","","","","","",""
"","","","","","","",""
"","","","","","","",""
"","","","","","","",""
"","","","","","","",""
"","","","","","","",""
"","","","","","","",""
"","","","","","","",""
"","","","","","","",""
"","","","","","","",""
"","","","","","","",""
"","","","","","","",""
"","","","","","","",""
"","","","","","","",""
"","","","","","","",""
"","","","","","","",""
"","","","","","","",""
"","","","","","","",""
"","","","","","","",""
"","","","","","","",""
"","","","","","","",""
"","","","","","","",""
"","","","","","","",""
"","","","","","","",""
"","","","","","","",""
"","","","","","","",""
"","","","","","","",""
"","","","","","","",""
"","","","","","","",""
"","","","","","","",""
"","","","","","","",""
"","","","","","","",""
"","","","","","","",""
"","","","","","","",""
"","","","","","","",""
"","","","","","","",""
"","","","","","","",""
"","","","","","","",""
"","","","","","","",""
"","","","","","","",""
"","","","","","","",""
"","","","","","","",""
"","","","","","","",""
"","","","","","","",""
"","","","","","","",""
"","","","","","","",""
"","","","","","","",""
"","","","","","","",""
"","","","","","","",""
"","","","","","","",""
"","","","","","","",""
"","","","","","","",""
"","","","","","","",""
"","","","","","","",""
"","","","","","","",""
"","","","","","","",""
"","","","","","","",""
"","","","","","","",""
"","","","","","","",""
"","","","","","","",""
"","","","","","","",""
"","","","","","","",""
"","","","","","","",""
"","","","","","","",""
"","","","","","","",""
"","","","","","","",""
"","","","","","","",""
"","","","","","","",""
"","","","","","","",""
"","","","","","","",""
"","","","","","","",""
"","","","","","","",""
"","","","","","","",""
"","","","","","","",""
"","","","","","","",""
"","","","","","","",""
"","","","","","","",""
"","","","","","","",""
"","","","","","","",""
"","","","","","","",""
"","","","","","","",""
"","","","","","","",""
"","","","","","","",""
"","","","","","","",""
"","","","","","","",""
"","","","","","","",""
"","","","","","","",""
"","","","","","","",""
"","","","","","","",""
"","","","","","","",""
"","","","","","","",""
"","","","","","","",""
"","","","","","","",""
"","","","","","","",""
"","","","","","","",""
"","","","","","","",""
"","","","","","","",""
"","","","","","","",""
"","","","","","","",""
"","","","","","","",""
"","","","","","","",""
"","","","","","","",""
"","","","","","","",""
"","","","","","","",""
"","","","","","","",""
"","","","","","","",""
"","","","","","","",""
"","","","","","","",""
"","","","","","","",""
"","","","","","","",""
"","","","","","","",""
"","","","","","","",""
"","","","","","","",""
"","","","","","","",""
"","","","","","","",""
"","","","","","","",""
"","","","","","","",""
"","","","","","","",""
"","","","","","","",""
"","","","","","","",""
"","","","","","","",""
"","","","","","","",""
"","","","","","","",""
"","","","","","","",""
"","","","","","","",""
"","","","","","","",""
"","","","","","","",""
"","","","","","","",""
"","","","","","","",""
"","","","","","","",""
"","","","","","","",""
"","","","","","","",""
"","","","","","","",""
"","","","","","","",""
"","","","","","","",""
"","","","","","","",""
"","","","","","","",""
"","","","","","","",""
"","","","","","","",""
"","","","","","","",""
"","","","","","","",""
"","","","","","","",""
"","","","","","","",""
"","","","","","","",""
"","","","","","","",""
"","","","","","","",""
"","","","","","","",""
"","","","","","","",""
"","","","","","","",""
"","","","","","","",""
"","","","","","","",""
"","","","","","","",""
"","","","","","","",""
"","","","","","","",""
"","","","","","","",""
"","","","","","","",""
"","","","","","","",""
"","","","","","","",""
"","","","","","","",""
"","","","","","","",""
"","","","","","","",""
"","","","","","","",""
"","","","","","","",""
"","","","","","","",""
"","","","","","","",""
"","","","","","","",""
"","","","","","","",""
"","","","","","","",""
"","","","","","","",""
"","","","","","","",""
"","","","","","","",""
"","","","","","","",""
"","","","","","","",""
"","","","","","","",""
"","","","","","","",""
"","","","","","","",""
"","","","","","","",""
"","","","","","","",""
"","","","","","","",""
"","","","","","","",""
"","","","","","","",""
"","","","","","","",""
"","","","","","","",""
"","","","","","","",""
"","","","","","","",""
"","","","","","","",""
"","","","","","","",""
"","","","","","","",""
"","","","","","","",""
"","","","","","","",""
"","","","","","","",""
"","","","","","","",""
"","","","","","","",""
"","","","","","","",""
"","","","","","","",""
"","","","","","","",""
"","","","","","","",""
"","","","","","","",""
"","","","","","","",""
"","","","","","","",""
"","","","","","","",""
"","","","","","","",""
"","","","","","","",""
"","","","","","","",""
"","","","","","","",""
"","","","","","","",""
"","","","","","","",""
"","","","","","","",""
"","","","","","","",""
"","","","","","","",""
"","","","","","","",""
"","","","","","","",""
"","","","","","","",""
"","","","","","","",""
"","","","","","","",""
"","","","","","","",""
"","","","","","","",""
"","","","","","","",""
"","","","","","","",""
"","","","","","","",""
"","","","","","","",""
"","","","","","","",""
"","","","","","","",""
"","","","","","","",""
"","","","","","","",""
"","","","","","","",""
"","","","","","","",""
"","","","","","","",""
"","","","","","","",""
"","","","","","","",""
"","","","","","","",""
"","","","","","","",""
"","","","","","","",""
"","","","","","","",""
"","","","","","","",""
"","","","","","","",""
"","","","","","","",""
"","","","","","","",""
"","","","","","","",""
"","","","","","","",""
"","","","","","","",""
"","","","","","","",""
"","","","","","","",""
"","","","","","","",""
"","","","","","","",""
"","","","","","","",""
"","","","","","","",""
"","","","","","","",""
"","","","","","","",""
"","","","","","","",""
"","","","","","","",""
"","","","","","","",""
"","","","","","","",""
"","","","","","","",""
"","","","","","","",""
"","","","","","","",""
"","","","","","","",""
"","","","","","","",""
"","","","","","","",""
"","","","","","","",""
"","","","","","","",""
"","","","","","","",""
"","","","","","","",""
"","","","","","","",""
"","","","","","","",""
"","","","","","","",""
"","","","","","","",""
"","","","","","","",""
"","","","","","","",""
"","","","","","","",""
"","","","","","","",""
"","","","","","","",""
"","","","","","","",""
"","","","","","","",""
"","","","","","","",""
"","","","","","","",""
"","","","","","","",""
"","","","","","","",""
"","","","","","","",""
"","","","","","","",""
"","","","","","","",""
"","","","","","","",""
"","","","","","","",""
"","","","","","","",""
"","","","","","","",""
"","","","","","","",""
"","","","","","","",""
"","","","","","","",""
"","","","","","","",""
"","","","","","","",""
"","","","","","","",""
"","","","","","","",""
"","","","","","","",""
"","","","","","","",""
"","","","","","","",""
"","","","","","","",""
"","","","","","","",""
"","","","","","","",""
"","","","","","","",""
"","","","","","","",""
"","","","","","","",""
"","","","","","","",""
"","","","","","","",""
"","","","","","","",""
"","","","","","","",""
"","","","","","","",""
"","","","","","","",""
"","","","","","","",""
"","","","","","","",""
"","","","","","","",""
"","","","","","","",""
"","","","","","","",""
"","","","","","","",""
"","","","","","","",""
"","","","","","","",""
"","","","","","","",""
"","","","","","","",""
"","","","","","","",""
"","","","","","","",""
"","","","","","","",""
"","","","","","","",""
"","","","","","","",""
"","","","","","","",""
"","","","","","","",""
"","","","","","","",""
"","","","","","","",""
"","","","","","","",""
"","","","","","","",""
"","","","","","","",""
"","","","","","","",""
"","","","","","","",""
"","","","","","","",""
"","","","","","","",""
"","","","","","","",""
"","","","","","","",""
"","","","","","","",""
"","","","","","","",""
"","","","","","","",""
"","","","","","","",""
"","","","","","","",""
"","","","","","","",""
"","","","","","","",""
"","","","","","","",""
"","","","","","","",""
"","","","","","","",""
"","","","","","","",""
"","","","","","","",""
"","","","","","","",""
"","","","","","","",""
"","","","","","","",""
"","","","","","","",""
"","","","","","","",""
"","","","","","","",""
"","","","","","","",""
"","","","","","","",""
"","","","","","","",""
"","","","","","","",""
"","","","","","","",""
"","","","","","","",""
"","","","","","","",""
"","","","","","","",""
"","","","","","","",""
"","","","","","","",""
"","","","","","","",""
"","","","","","","",""
"","","","","","","",""
"","","","","","","",""
"","","","","","","",""
"","","","","","","",""
"","","","","","","",""
"","","","","","","",""
"","","","","","","",""
"","","","","","","",""
"","","","","","","",""
"","","","","","","",""
"","","","","","","",""
"","","","","","","",""
"","","","","","","",""
"","","","","","","",""
"","","","","","","",""
"","","","","","","",""
"","","","","","","",""
"","","","","","","",""
"","","","","","","",""
"","","","","","","",""
"","","","","","","",""
"","","","","","","",""
"","","","","","","",""
"","","","","","","",""
"","","","","","","",""
"","","","","","","",""
"","","","","","","",""
"","","","","","","",""
"","","","","","","",""
"","","","","","","",""
"","","","","","","",""
"","","","","","","",""
"","","","","","","",""
"","","","","","","",""
"","","","","","","",""
"","","","","","","",""
"","","","","","","",""
"","","","","","","",""
"","","","","","","",""
"","","","","","","",""
"","","","","","","",""
"","","","","","","",""
"","","","","","","",""
"","","","","","","",""
"","","","","","","",""
"","","","","","","",""
"","","","","","","",""
"","","","","","","",""
"","","","","","","",""
"","","","","","","",""
"","","","","","","",""
"","","","","","","",""
"","","","","","","",""
"","","","","","","",""
"","","","","","","",""
"","","","","","","",""
"","","","","","","",""
"","","","","","","",""
"","","","","","","",""
"","","","","","","",""
"","","","","","","",""
"","","","","","","",""
"","","","","","","",""
"","","","","","","",""
"","","","","","","",""
"","","","","","","",""
"","","","","","","",""
"","","","","","","",""
"","","","","","","",""
"","","","","","","",""
"","","","","","","",""
"","","","","","","",""
"","","","","","","",""
"","","","","","","",""
"","","","","","","",""
"","","","","","","",""
"","","","","","","",""
"","","","","","","",""
"","","","","","","",""
"","","","","","","",""
"","","","","","","",""
"","","","","","","",""
"","","","","","","",""
"","","","","","","",""
"","","","","","","",""
"","","","","","","",""
"","","","","","","",""
"","","","","","","",""
"","","","","","","",""
"","","","","","","",""
"","","","","","","",""
"","","","","","","",""
"","","","","","","",""
"","","","","","","",""
"","","","","","","",""
"","","","","","","",""
"","","","","","","",""
"","","","","","","",""
"","","","","","","",""
"","","","","","","",""
"","","","","","","",""
"","","","","","","",""
"","","","","","","",""
"","","","","","","",""
"","","","","","","",""
"","","","","","","",""
"","","","","","","",""
"","","","","","","",""
"","","","","","","",""
"","","","","","","",""
"","","","","","","",""
"","","","","","","",""
"","","","","","","",""
"","","","","","","",""
"","","","","","","",""
"","","","","","","",""
"","","","","","","",""
"","","","","","","",""
"","","","","","","",""
"","","","","","","",""
"","","","","","","",""
"","","","","","","",""
"","","","","","","",""
"","","","","","","",""
"","","","","","","",""
"","","","","","","",""
"","","","","","","",""
"","","","","","","",""
"","","","","","","",""
"","","","","","","",""
"","","","","","","",""
"","","","","","","",""
"","","","","","","",""
"","","","","","","",""
"","","","","","","",""
"","","","","","","",""
"","","","","","","",""
"","","","","","","",""
"","","","","","","",""
"","","","","","","",""
"","","","","","","",""
"","","","","","","",""
"","","","","","","",""
"","","","","","","",""
"","","","","","","",""
"","","","","","","",""
"","","","","","","",""
"","","","","","","",""
"","","","","","","",""
"","","","","","","",""
"","","","","","","",""
"","","","","","","",""
"","","","","","","",""
"","","","","","","",""
"","","","","","","",""
"","","","","","","",""
"","","","","","","",""
"","","","","","","",""
"","","","","","","",""
"","","","","","","",""
"","","","","","","",""
"","","","","","","",""
"","","","","","","",""
"","","","","","","",""
"","","","","","","",""
"","","","","","","",""
"","","","","","","",""
"","","","","","","",""
"","","","","","","",""
"","","","","","","",""
"","","","","","","",""
"","","","","","","",""
"","","","","","","",""
"","","","","","","",""
"","","","","","","",""
"","","","","","","",""
"","","","","","","",""
"","","","","","","",""
"","","","","","","",""
"","","","","","","",""
"","","","","","","",""
"","","","","","","",""
"","","","","","","",""
"","","","","","","",""
"","","","","","","",""
"","","","","","","",""
"","","","","","","",""
"","","","","","","",""
"","","","","","","",""
"","","","","","","",""
"","","","","","","",""
"","","","","","","",""
"","","","","","","",""
"","","","","","","",""
"","","","","","","",""
"","","","","","","",""
"","","","","","","",""
"","","","","","","",""
"","","","","","","",""
"","","","","","","",""
"","","","","","","",""
"","","","","","","",""
"","","","","","","",""
"","","","","","","",""
"","","","","","","",""
"","","","","","","",""
"","","","","","","",""
"","","","","","","",""
"","","","","","","",""
"","","","","","","",""
"","","","","","","",""
"","","","","","","",""
"","","","","","","",""
"","","","","","","",""
"","","","","","","",""
"","","","","","","",""
"","","","","","","",""
"","","","","","","",""
"","","","","","","",""
"","","","","","","",""
"","","","","","","",""
"","","","","","","",""
"","","","","","","",""
"","","","","","","",""
"","","","","","","",""
"","","","","","","",""
"","","","","","","",""
"","","","","","","",""
"","","","","","","",""
"","","","","","","",""
"","","","","","","",""
"","","","","","","",""
"","","","","","","",""
"","","","","","","",""
"","","","","","","",""
"","","","","","","",""
"","","","","","","",""
"","","","","","","",""
"","","","","","","",""
"","","","","","","",""
"","","","","","","",""
"","","","","","","",""
"","","","","","","",""
"","","","","","","",""
"","","","","","","",""
"","","","","","","",""
"","","","","","","",""
"","","","","","","",""
"","","","","","","",""
"","","","","","","",""
"","","","","","","",""
"","","","","","","",""
"","","","","","","",""
"","","","","","","",""
"","","","","","","",""
"","","","","","","",""
"","","","","","","",""
"","","","","","","",""
"","","","","","","",""
"","","","","","","",""
"","","","","","","",""
"","","","","","","",""
"","","","","","","",""
"","","","","","","",""
"","","","","","","",""
"","","","","","","",""
"","","","","","","",""
"","","","","","","",""
"","","","","","","",""
"","","","","","","",""
"","","","","","","",""
"","","","","","","",""
"","","","","","","",""
"","","","","","","",""
"","","","","","","",""
"","","","","","","",""
"","","","","","","",""
"","","","","","","",""
"","","","","","","",""
"","","","","","","",""
"","","","","","","",""
"","","","","","","",""
"","","","","","","",""
"","","","","","","",""
"","","","","","","",""
"","","","","","","",""
"","","","","","","",""
"","","","","","","",""
"","","","","","","",""
"","","","","","","",""
"","","","","","","",""
"","","","","","","",""
"","","","","","","",""
"","","","","","","",""
"","","","","","","",""
"","","","","","","",""
"","","","","","","",""
"","","","","","","",""
"","","","","","","",""
"","","","","","","",""
"","","","","","","",""
"","","","","","","",""
"","","","","","","",""
"","","","","","","",""
"","","","","","","",""
"","","","","","","",""
"","","","","","","",""
"","","","","","","",""
"","","","","","","",""
"","","","","","","",""
"","","","","","","",""
"","","","","","","",""
"","","","","","","",""
"","","","","","","",""
"","","","","","","",""
"","","","","","","",""
"","","","","","","",""
"","","","","","","",""
"","","","","","","",""
"","","","","","","",""
"","","","","","","",""
"","","","","","","",""
"","","","","","","",""
"","","","","","","",""
"","","","","","","",""
"","","","","","","",""
"","","","","","","",""
"","","","","","","",""
"","","","","","","",""
"","","","","","","",""
"","","","","","","",""
"","","","","","","",""
"","","","","","","",""
"","","","","","","",""
"","","","","","","",""
"","","","","","","",""
"","","","","","","",""
"","","","","","","",""
"","","","","","","",""
"","","","","","","",""
"","","","","","","",""
"","","","","","","",""
"","","","","","","",""
"","","","","","","",""
"","","","","","","",""
"","","","","","","",""
"","","","","","","",""
"","","","","","","",""
"","","","","","","",""
"","","","","","","",""
"","","","","","","",""
"","","","","","","",""
"","","","","","","",""
"","","","","","","",""
"","","","","","","",""
"","","","","","","",""
"","","","","","","",""
"","","","","","","",""
"","","","","","","",""
"","","","","","","",""
"","","","","","","",""
"","","","","","","",""
"","","","","","","",""
"","","","","","","",""
"","","","","","","",""
"","","","","","","",""
"","","","","","","",""
"","","","","","","",""
"","","","","","","",""
"","","","","","This transformation is used to parse the xml format ","",""
"","","","","","","",""
"","","","","","","",""
"","","","","","","",""
"","","","","","","",""
"","","","","","","",""
"","","","","","","",""
"","","","","","","",""
"","","","","","","",""
"","","","","","","",""
"","","","","","","",""
"","","","","","","",""
"","","","","","","",""
"","","","","","","",""
"","","","","","","",""
"","","","","","","",""
"","","","","","","",""
"","","","","","","",""
"","","","","","","",""
"","","","","","","",""
"","","","","","","",""
"","","","","","","",""
"","","","","","","",""
"","","","","","","",""
"","","","","","","",""
"","","","","","","",""
"","","","","","","",""
"","","","","","","",""
"","","","","","","",""
"","","","","","","",""
"","","","","","","",""
"","","","","","","",""
"","","","","","","",""
"","","","","","https://dev.api.metlife.com/metlife/development/authorization/token ","",""
"","","","","","","",""
"","","","","","","",""
"","","","","","","",""
"","","","","","","",""
"","","","","","","",""
"","","","","","","",""
"","","","","","","",""
